EpisodeId,Phrase,Score
1,2005,0.007401971584535902
1,2005 seven,0.010873010595945407
